[{"family":"MaterialIcons","fonts":[{"asset":"fonts/MaterialIcons-Regular.otf"}]},{"family":"FiraCode","fonts":[{"asset":"assets/fonts/FiraCode-Bold.ttf"}]},{"family":"Roboto","fonts":[{"asset":"assets/fonts/Roboto/Roboto-Black.ttf"},{"asset":"assets/fonts/Roboto/Roboto-BlackItalic.ttf"},{"asset":"assets/fonts/Roboto/Roboto-Bold.ttf"},{"asset":"assets/fonts/Roboto/Roboto-BoldItalic.ttf"},{"asset":"assets/fonts/Roboto/Roboto-Italic.ttf"},{"asset":"assets/fonts/Roboto/Roboto-Light.ttf"},{"asset":"assets/fonts/Roboto/Roboto-LightItalic.ttf"},{"asset":"assets/fonts/Roboto/Roboto-Medium.ttf"},{"asset":"assets/fonts/Roboto/Roboto-MediumItalic.ttf"},{"asset":"assets/fonts/Roboto/Roboto-Regular.ttf"},{"asset":"assets/fonts/Roboto/Roboto-Thin.ttf"},{"asset":"assets/fonts/Roboto/Roboto-ThinItalic.ttf"}]},{"family":"packages/cupertino_icons/CupertinoIcons","fonts":[{"asset":"packages/cupertino_icons/assets/CupertinoIcons.ttf"}]},{"family":"packages/flutter_credit_card/halter","fonts":[{"asset":"packages/flutter_credit_card/font/halter.ttf"}]}]