{"assets/fonts/FiraCode-Bold.ttf":["assets/fonts/FiraCode-Bold.ttf"],"assets/fonts/Roboto/Roboto-Black.ttf":["assets/fonts/Roboto/Roboto-Black.ttf"],"assets/fonts/Roboto/Roboto-BlackItalic.ttf":["assets/fonts/Roboto/Roboto-BlackItalic.ttf"],"assets/fonts/Roboto/Roboto-Bold.ttf":["assets/fonts/Roboto/Roboto-Bold.ttf"],"assets/fonts/Roboto/Roboto-BoldItalic.ttf":["assets/fonts/Roboto/Roboto-BoldItalic.ttf"],"assets/fonts/Roboto/Roboto-Italic.ttf":["assets/fonts/Roboto/Roboto-Italic.ttf"],"assets/fonts/Roboto/Roboto-Light.ttf":["assets/fonts/Roboto/Roboto-Light.ttf"],"assets/fonts/Roboto/Roboto-LightItalic.ttf":["assets/fonts/Roboto/Roboto-LightItalic.ttf"],"assets/fonts/Roboto/Roboto-Medium.ttf":["assets/fonts/Roboto/Roboto-Medium.ttf"],"assets/fonts/Roboto/Roboto-MediumItalic.ttf":["assets/fonts/Roboto/Roboto-MediumItalic.ttf"],"assets/fonts/Roboto/Roboto-Regular.ttf":["assets/fonts/Roboto/Roboto-Regular.ttf"],"assets/fonts/Roboto/Roboto-Thin.ttf":["assets/fonts/Roboto/Roboto-Thin.ttf"],"assets/fonts/Roboto/Roboto-ThinItalic.ttf":["assets/fonts/Roboto/Roboto-ThinItalic.ttf"],"assets/images/github_icon.svg":["assets/images/github_icon.svg"],"assets/images/icon.ico":["assets/images/icon.ico"],"assets/images/icon.jpg":["assets/images/icon.jpg"],"assets/images/icon.png":["assets/images/icon.png"],"assets/images/icon48.png":["assets/images/icon48.png"],"assets/images/logo.svg":["assets/images/logo.svg"],"assets/images/logo_circle.svg":["assets/images/logo_circle.svg"],"assets/images/payment_card_bg.png":["assets/images/payment_card_bg.png"],"packages/cupertino_icons/assets/CupertinoIcons.ttf":["packages/cupertino_icons/assets/CupertinoIcons.ttf"],"packages/flutter_credit_card/font/halter.ttf":["packages/flutter_credit_card/font/halter.ttf"],"packages/flutter_credit_card/icons/amex.png":["packages/flutter_credit_card/icons/amex.png"],"packages/flutter_credit_card/icons/chip.png":["packages/flutter_credit_card/icons/chip.png"],"packages/flutter_credit_card/icons/discover.png":["packages/flutter_credit_card/icons/discover.png"],"packages/flutter_credit_card/icons/mastercard.png":["packages/flutter_credit_card/icons/mastercard.png"],"packages/flutter_credit_card/icons/visa.png":["packages/flutter_credit_card/icons/visa.png"]}